City_ID,City,Cloudiness,Country,Date,Humidity,Lat,Lng,Max Temp,Wind Speed
0,Kununurra,51,AU,2022-06-11 15:34:06,30,-15.7667,128.7333,66.18,5.75
1,Bredasdorp,100,ZA,2022-06-11 15:20:56,28,-34.5322,20.0403,72.16,2.13
2,Ushuaia,20,AR,2022-06-11 15:34:07,93,-54.8,-68.3,38.86,10.36
3,Busselton,20,AU,2022-06-11 15:34:07,84,-33.65,115.3333,61.25,8.88
4,Albany,100,US,2022-06-11 15:30:40,61,42.6001,-73.9662,72.03,1.28
5,Longyearbyen,75,SJ,2022-06-11 15:34:08,81,78.2186,15.6401,39.04,10.36
6,Rutland,0,US,2022-06-11 15:34:08,57,43.6167,-73.0162,73.26,1.99
7,Hithadhoo,33,MV,2022-06-11 15:34:09,72,-0.6,73.0833,83.44,8.46
8,Tuktoyaktuk,100,CA,2022-06-11 15:34:09,93,69.4541,-133.0374,35.6,13.8
9,Saskylakh,30,RU,2022-06-11 15:34:09,53,71.9167,114.0833,54.32,13.09
10,Schattdorf,0,CH,2022-06-11 15:34:10,46,46.8655,8.6547,84.24,6.08
11,Ribeira Grande,40,PT,2022-06-11 15:34:10,78,38.5167,-28.7,70.2,6.91
12,Cape Town,0,ZA,2022-06-11 15:25:25,35,-33.9258,18.4232,74.12,11.01
13,Lazaro Cardenas,97,MX,2022-06-11 15:34:11,59,17.9583,-102.2,86.88,3.27
14,Georgetown,40,MY,2022-06-11 15:30:21,100,5.4112,100.3354,78.73,2.3
15,Yulara,6,AU,2022-06-11 15:34:12,54,-25.2406,130.9889,46.4,6.4
16,Cherskiy,100,RU,2022-06-11 15:34:12,46,68.75,161.3,57.83,6.2
17,Glendive,0,US,2022-06-11 15:33:13,52,47.1053,-104.7125,74.82,4.0
18,Ust-Nera,4,RU,2022-06-11 15:34:13,43,64.5667,143.2,46.53,3.76
19,Mataura,65,NZ,2022-06-11 15:34:13,91,-46.1927,168.8643,35.47,6.58
20,Puerto Ayora,74,EC,2022-06-11 15:34:14,92,-0.7393,-90.3518,75.16,5.01
21,Samarai,71,PG,2022-06-11 15:34:14,81,-10.6167,150.6667,79.72,4.5
22,Nsanje,41,MW,2022-06-11 15:34:14,76,-16.92,35.262,66.96,4.18
23,Talcahuano,0,CL,2022-06-11 15:34:15,66,-36.7167,-73.1167,51.48,2.3
24,Cabo San Lucas,75,MX,2022-06-11 15:33:41,63,22.8909,-109.9124,85.3,3.44
25,Lompoc,0,US,2022-06-11 15:34:15,81,34.6391,-120.4579,71.74,5.75
26,Mitsamiouli,30,KM,2022-06-11 15:34:16,72,-11.3847,43.2844,79.32,12.35
27,Vila,42,PT,2022-06-11 15:34:16,52,42.0304,-8.1588,80.71,4.32
28,Simao,100,CN,2022-06-11 15:34:17,99,22.7886,100.9748,65.82,2.68
29,Makat,17,KZ,2022-06-11 15:34:17,22,47.6469,53.3463,85.75,13.47
30,Rikitea,29,PF,2022-06-11 15:20:56,79,-23.1203,-134.9692,74.32,15.32
31,Vostok,1,RU,2022-06-11 15:34:18,92,46.4856,135.8833,44.26,3.36
32,Port Alfred,62,ZA,2022-06-11 15:25:25,48,-33.5906,26.891,70.18,7.25
33,Coihaique,100,CL,2022-06-11 15:34:18,93,-45.5752,-72.0662,32.61,0.0
34,Grand-Santi,100,GF,2022-06-11 15:34:19,74,4.25,-54.3833,79.47,2.64
35,Ternate,82,ID,2022-06-11 15:34:19,80,0.8,127.4,80.1,4.74
36,Vaini,20,TO,2022-06-11 15:34:20,88,-21.2,-175.2,75.36,5.75
37,Hobart,75,AU,2022-06-11 15:31:49,89,-42.8794,147.3294,40.86,17.27
38,Touros,71,BR,2022-06-11 15:34:20,60,-5.1989,-35.4608,85.19,8.97
39,Severo-Kurilsk,93,RU,2022-06-11 15:34:21,83,50.6789,156.125,43.77,9.95
40,Rocha,100,UY,2022-06-11 15:34:21,69,-34.4833,-54.3333,50.61,17.63
41,Mount Gambier,100,AU,2022-06-11 15:31:39,77,-37.8333,140.7667,50.59,10.89
42,Whitehorse,75,CA,2022-06-11 15:30:23,60,60.7161,-135.0538,52.81,6.91
43,The Pas,100,CA,2022-06-11 15:34:22,67,53.8251,-101.2541,55.42,10.36
44,Ancud,100,CL,2022-06-11 15:33:34,68,-41.8697,-73.8203,47.44,3.27
45,Muros,56,ES,2022-06-11 15:34:23,71,42.7762,-9.0603,75.09,18.14
46,Kapaa,20,US,2022-06-11 15:34:23,83,22.0752,-159.319,71.92,12.66
47,Lagoa,100,PT,2022-06-11 15:35:23,88,39.05,-27.9833,59.99,13.29
48,Kodiak,100,US,2022-06-11 15:25:27,82,57.79,-152.4072,53.11,6.91
49,Nola,2,IT,2022-06-11 15:35:24,57,40.922,14.5329,85.91,5.99
50,Broken Hill,0,AU,2022-06-11 15:35:24,79,-31.95,141.4333,45.01,8.9
51,Khatanga,35,RU,2022-06-11 15:35:25,56,71.9667,102.5,50.2,9.42
52,Palaia Fokaia,76,GR,2022-06-11 15:35:25,62,37.72,23.9463,82.85,5.5
53,Muroto,100,JP,2022-06-11 15:35:25,81,33.2833,134.15,67.71,7.54
54,Otane,53,NZ,2022-06-11 15:35:26,72,-39.8833,176.6333,56.01,4.65
55,Jamestown,71,US,2022-06-11 15:31:45,64,42.097,-79.2353,72.01,6.62
56,Moron,45,AR,2022-06-11 15:35:26,39,-34.6534,-58.6198,54.0,7.4
57,Kruisfontein,33,ZA,2022-06-11 15:35:27,23,-34.0033,24.7314,74.88,9.06
58,Mandalgovi,97,MN,2022-06-11 15:35:27,78,45.7625,106.2708,50.58,20.62
59,Lisakovsk,92,KZ,2022-06-11 15:35:28,63,52.5369,62.4936,64.54,12.15
60,Ponta Do Sol,0,PT,2022-06-11 15:35:28,73,32.6667,-17.1,80.71,1.01
61,Jacqueville,99,CI,2022-06-11 15:35:28,80,5.2052,-4.4146,79.47,14.58
62,Mar Del Plata,0,AR,2022-06-11 15:33:41,71,-38.0023,-57.5575,56.08,11.5
63,Manggar,100,ID,2022-06-11 15:35:29,77,-2.8833,108.2667,81.19,0.85
64,New Norfolk,100,AU,2022-06-11 15:35:29,82,-42.7826,147.0587,40.5,3.0
65,Strezhevoy,90,RU,2022-06-11 15:35:30,95,60.7333,77.5889,59.07,8.88
66,Lorengau,66,PG,2022-06-11 15:35:30,79,-2.0226,147.2712,80.46,5.32
67,Punta Arenas,100,CL,2022-06-11 15:35:31,87,-53.15,-70.9167,44.71,4.61
68,East London,0,ZA,2022-06-11 15:35:31,68,-33.0153,27.9116,68.94,4.61
69,Tura,13,IN,2022-06-11 15:35:31,97,25.5198,90.2201,74.39,7.4
70,Qaanaaq,100,GL,2022-06-11 15:35:32,76,77.484,-69.3632,29.66,5.35
71,Mankono,97,CI,2022-06-11 15:35:33,51,8.0586,-6.1897,88.02,4.83
72,Hermanus,100,ZA,2022-06-11 15:35:33,48,-34.4187,19.2345,71.8,6.15
73,Joao Camara,57,BR,2022-06-11 15:35:33,62,-5.5375,-35.8197,84.06,7.25
74,Muzaffarpur,45,IN,2022-06-11 15:35:34,58,26.1167,85.4,91.17,15.79
75,Ilulissat,40,GL,2022-06-11 15:35:34,75,69.2167,-51.1,35.62,9.22
76,Mahebourg,75,MU,2022-06-11 15:35:35,68,-20.4081,57.7,73.69,13.8
77,Puerto Ayacucho,91,VE,2022-06-11 15:35:35,74,5.6639,-67.6236,84.72,0.85
78,Meulaboh,100,ID,2022-06-11 15:35:35,85,4.1363,96.1285,77.92,1.81
79,Filotion,40,GR,2022-06-11 15:35:36,73,37.05,25.5,72.43,10.36
80,Petropavlovsk-Kamchatskiy,100,RU,2022-06-11 15:35:36,100,53.0452,158.6483,43.39,4.47
81,Lebu,96,CL,2022-06-11 15:35:37,64,-37.6167,-73.65,54.45,4.56
82,Nouadhibou,3,MR,2022-06-11 15:35:37,79,20.931,-17.0347,69.1,27.34
83,Saint Anthony,100,US,2022-06-11 15:35:38,83,45.0205,-93.218,70.81,4.61
84,Aksarka,34,RU,2022-06-11 15:35:38,56,66.5606,67.7975,65.64,11.07
85,Narsaq,100,GL,2022-06-11 15:35:39,58,60.9167,-46.05,55.62,6.26
86,Warburton,0,PK,2022-06-11 15:35:39,16,31.55,73.8333,101.84,7.72
87,Dudinka,89,RU,2022-06-11 15:35:40,45,69.4058,86.1778,63.63,12.71
88,Paamiut,97,GL,2022-06-11 15:35:40,83,61.994,-49.6678,39.47,5.66
89,Fairbanks,0,US,2022-06-11 15:34:13,77,64.8378,-147.7164,51.1,0.0
90,Arraial Do Cabo,100,BR,2022-06-11 15:35:41,78,-22.9661,-42.0278,69.66,8.05
91,Portales,1,US,2022-06-11 15:35:41,22,34.1862,-103.3344,93.33,1.01
92,Praia,20,CV,2022-06-11 15:36:42,54,14.9215,-23.5087,84.74,5.75
93,Qaqortoq,100,GL,2022-06-11 15:36:42,66,60.7167,-46.0333,44.73,7.14
94,Vadgaon,100,IN,2022-06-11 15:36:43,88,20.9402,74.8712,74.59,4.23
95,Pandan,38,PH,2022-06-11 15:36:43,86,14.0453,124.1694,78.31,4.9
96,Barrow,100,US,2022-06-11 15:36:03,86,71.2906,-156.7887,32.02,11.5
97,Honggang,84,CN,2022-06-11 15:36:43,59,46.4667,124.8667,68.83,8.03
98,Concarneau,26,FR,2022-06-11 15:36:44,59,47.875,-3.9225,73.81,12.84
99,Pisco,100,PE,2022-06-11 15:36:44,94,-13.7,-76.2167,59.05,4.61
100,Beira,40,MZ,2022-06-11 15:36:44,88,-19.8436,34.8389,71.69,8.05
101,Hamilton,75,US,2022-06-11 15:33:04,75,39.1834,-84.5333,73.08,8.05
102,Turukhansk,99,RU,2022-06-11 15:36:45,43,65.8167,87.9833,63.18,14.25
103,High Rock,41,BS,2022-06-11 15:36:45,67,26.6208,-78.2833,80.62,12.55
104,Ostrovnoy,28,RU,2022-06-11 15:36:46,47,68.0531,39.5131,58.23,5.68
105,Aborlan,73,PH,2022-06-11 15:36:46,81,9.4352,118.5492,82.47,2.75
106,San Cristobal,99,VE,2022-06-11 15:36:46,50,7.7669,-72.225,77.18,7.63
107,Kemin,77,KG,2022-06-11 15:36:47,71,42.7846,75.6892,63.52,4.23
108,Vila Franca Do Campo,100,PT,2022-06-11 15:36:47,82,37.7167,-25.4333,68.41,5.14
109,Vila Velha,75,BR,2022-06-11 15:36:47,71,-20.3297,-40.2925,78.75,11.5
110,Pacific Grove,0,US,2022-06-11 15:33:05,76,36.6177,-121.9166,76.33,5.75
111,Honda,100,CO,2022-06-11 15:36:48,72,5.2086,-74.7358,82.54,2.13
112,Sulphur Springs,0,US,2022-06-11 15:36:48,70,33.1385,-95.6011,85.82,9.22
113,Florence,0,IT,2022-06-11 15:33:22,36,43.7667,11.25,91.81,13.8
114,Grindavik,75,IS,2022-06-11 15:36:49,66,63.8424,-22.4338,54.07,18.41
115,Pevek,74,RU,2022-06-11 15:36:49,64,69.7008,170.3133,36.32,6.58
116,Thompson,40,CA,2022-06-11 15:36:49,58,55.7435,-97.8558,57.36,4.61
117,Rio Grande,4,BR,2022-06-11 15:36:50,58,-32.035,-52.0986,53.71,21.3
118,Krasnoselkup,100,RU,2022-06-11 15:36:50,72,65.7,82.4667,61.39,15.26
119,Iqaluit,75,CA,2022-06-11 15:36:50,61,63.7506,-68.5145,47.93,13.8
120,Batamshinskiy,82,KZ,2022-06-11 15:36:51,73,50.5594,58.2747,63.68,7.9
121,Steinbach,0,DE,2022-06-11 15:36:51,38,50.1667,8.5667,82.27,9.22
122,Broome,0,US,2022-06-11 15:36:51,56,42.2506,-75.833,71.46,4.61
123,Beringovskiy,47,RU,2022-06-11 15:36:52,70,63.05,179.3167,38.53,5.14
124,Port Elizabeth,0,ZA,2022-06-11 15:34:19,36,-33.918,25.5701,79.09,3.44
125,Sisimiut,40,GL,2022-06-11 15:36:52,66,66.9395,-53.6735,41.18,11.63
126,Vyartsilya,30,RU,2022-06-11 15:36:53,57,62.1764,30.693,65.3,8.1
127,Rockport,40,US,2022-06-11 15:36:53,80,28.0206,-97.0544,90.07,16.11
128,Ahipara,82,NZ,2022-06-11 15:36:53,88,-35.1667,173.1667,58.14,16.49
129,Oktyabrskoye,40,RU,2022-06-11 15:36:54,34,43.0645,44.7417,77.14,13.42
130,Yellowknife,75,CA,2022-06-11 15:36:54,72,62.456,-114.3525,61.32,18.41
131,Nabire,19,ID,2022-06-11 15:36:54,91,-3.3667,135.4833,75.51,2.84
132,Loknya,91,RU,2022-06-11 15:36:55,78,56.83,30.1467,65.01,5.39
133,Cidreira,4,BR,2022-06-11 15:36:55,57,-30.1811,-50.2056,51.12,20.0
134,Chokurdakh,16,RU,2022-06-11 15:36:56,55,70.6333,147.9167,48.22,10.49
135,Pangnirtung,100,CA,2022-06-11 15:36:56,87,66.1451,-65.7125,39.2,11.5
136,Charters Towers,84,AU,2022-06-11 15:36:56,46,-20.1,146.2667,51.39,8.48
137,Grand Gaube,67,MU,2022-06-11 15:36:57,79,-20.0064,57.6608,73.8,5.99
138,Bobrovka,8,RU,2022-06-11 15:36:57,80,54.047,61.7455,59.23,9.08
139,Bethel,40,US,2022-06-11 15:36:57,54,41.3712,-73.414,76.46,5.75
140,Egvekinot,70,RU,2022-06-11 15:36:58,66,66.3167,-179.1667,33.51,3.85
141,Ugoofaaru,96,MV,2022-06-11 15:37:58,75,5.6667,73.0,83.39,10.67
142,Bluff,91,NZ,2022-06-11 15:37:59,75,-46.6,168.3333,35.8,19.01
143,San Vicente,52,AR,2022-06-11 15:35:08,34,-26.6167,-54.1333,51.82,5.35
144,Victoria,100,HK,2022-06-11 15:37:05,88,22.2855,114.1577,83.32,10.0
145,Ixtapa,75,MX,2022-06-11 15:37:59,78,20.7,-105.2,81.63,2.3
146,Puerto Vallarta,75,MX,2022-06-11 15:37:08,78,20.6204,-105.2307,82.31,2.3
147,Saint-Augustin,100,CA,2022-06-11 15:38:00,84,51.226,-58.6502,55.98,21.65
148,Butaritari,17,KI,2022-06-11 15:38:00,76,3.0707,172.7902,81.32,11.68
149,Norman Wells,75,CA,2022-06-11 15:38:00,76,65.282,-126.8329,51.84,10.36
150,Goya,3,AR,2022-06-11 15:38:01,28,-29.14,-59.2626,56.12,0.31
151,Carnarvon,1,AU,2022-06-11 15:38:01,70,-24.8667,113.6333,70.63,11.99
152,Cairns,29,AU,2022-06-11 15:36:12,68,-16.9167,145.7667,66.15,11.5
153,Arlit,82,NE,2022-06-11 15:38:02,18,18.7369,7.3853,98.65,18.92
154,Sakakah,0,SA,2022-06-11 15:38:02,9,29.9697,40.2064,105.37,9.17
155,Tasiilaq,3,GL,2022-06-11 15:38:02,69,65.6145,-37.6368,42.96,1.72
156,Homer,0,US,2022-06-11 15:38:03,80,59.6425,-151.5483,53.49,1.99
157,Sao Filipe,6,CV,2022-06-11 15:38:03,77,14.8961,-24.4956,75.36,5.73
158,Alice Springs,100,AU,2022-06-11 15:38:03,66,-23.7,133.8833,49.55,8.05
159,Tiksi,88,RU,2022-06-11 15:38:04,77,71.6872,128.8694,37.74,7.4
160,Westport,0,US,2022-06-11 15:38:04,54,41.1415,-73.3579,78.1,4.61
161,Hoa Binh,100,VN,2022-06-11 15:36:08,97,20.8133,105.3383,79.25,1.86
162,Aklavik,100,CA,2022-06-11 15:38:05,93,68.2191,-135.0107,35.6,13.8
163,Shanghai,20,CN,2022-06-11 15:38:05,79,31.2222,121.4581,73.26,6.71
164,Richards Bay,0,ZA,2022-06-11 15:38:06,80,-28.783,32.0377,67.55,12.62
165,Vao,97,NC,2022-06-11 15:38:06,82,-22.6667,167.4833,72.25,8.5
166,Puerto Padre,91,CU,2022-06-11 15:38:06,57,21.195,-76.6028,88.03,5.46
167,Castro,100,BR,2022-06-11 15:38:07,42,-24.7911,-50.0119,55.24,3.4
168,Port Lincoln,6,AU,2022-06-11 15:38:07,75,-34.7333,135.8667,52.88,6.78
169,Dhanwar,6,IN,2022-06-11 15:38:07,28,24.4167,85.9833,96.66,14.5
170,Salalah,40,OM,2022-06-11 15:38:08,79,17.0151,54.0924,87.89,12.66
171,Weihe,100,CN,2022-06-11 15:38:08,96,32.9952,105.3247,59.92,1.83
172,Saldanha,100,ZA,2022-06-11 15:38:08,63,-33.0117,17.9442,75.25,10.0
173,Atuona,36,PF,2022-06-11 15:38:09,69,-9.8,-139.0333,77.2,15.35
174,Kysyl-Syr,59,RU,2022-06-11 15:38:09,89,63.8986,122.7617,48.4,3.15
175,Ipanguacu,42,BR,2022-06-11 15:38:10,40,-5.4983,-36.855,91.53,7.34
176,Chardara,100,KZ,2022-06-11 15:38:10,48,41.2547,67.9692,77.94,6.13
177,Hilo,40,US,2022-06-11 15:38:10,82,19.7297,-155.09,74.28,6.91
178,Vanimo,55,PG,2022-06-11 15:38:11,86,-2.6741,141.3028,77.99,4.07
179,Maragogi,15,BR,2022-06-11 15:38:11,76,-9.0122,-35.2225,80.47,4.79
180,Chauk,39,MM,2022-06-11 15:38:12,62,20.8833,94.8167,85.39,11.27
181,Manati,71,PR,2022-06-11 15:38:12,80,18.4275,-66.4921,88.95,17.0
182,Walvis Bay,0,NA,2022-06-11 15:38:12,23,-22.9575,14.5053,85.15,8.05
183,Shimoda,100,JP,2022-06-11 15:38:13,90,34.6667,138.95,63.1,23.76
184,Half Moon Bay,40,US,2022-06-11 15:38:13,79,37.4636,-122.4286,80.58,5.75
185,Raudeberg,99,NO,2022-06-11 15:39:14,69,61.9875,5.1352,59.67,23.87
186,Peremyshlyany,100,UA,2022-06-11 15:39:14,83,49.6652,24.5585,67.06,9.6
187,Van,40,TR,2022-06-11 15:39:14,29,38.4924,43.3831,74.55,4.61
188,Alta Floresta,40,BR,2022-06-11 15:39:15,61,-9.8756,-56.0861,82.22,9.22
189,Houma,40,US,2022-06-11 15:39:15,78,29.5958,-90.7195,88.0,5.75
190,Oranjemund,97,NA,2022-06-11 15:39:15,45,-28.55,16.4333,66.43,8.97
191,Avera,71,US,2022-06-11 15:39:16,39,33.194,-82.5271,88.38,3.98
192,Wamba,58,NG,2022-06-11 15:39:16,52,8.9333,8.6,87.51,5.46
193,Bathsheba,40,BB,2022-06-11 15:39:17,70,13.2167,-59.5167,84.81,23.02
194,Tabanan,79,ID,2022-06-11 15:39:17,92,-8.5413,115.1252,81.0,4.41
195,Cantaura,97,VE,2022-06-11 15:39:17,52,9.3057,-64.3584,87.94,12.44
196,Langsa,99,ID,2022-06-11 15:39:18,92,4.4683,97.9683,74.98,1.88
197,Santa Marinella,2,IT,2022-06-11 15:39:18,49,42.0345,11.8536,87.53,20.33
198,Coahuayana,100,MX,2022-06-11 15:39:19,59,18.7333,-103.6833,87.4,1.41
199,Dikson,100,RU,2022-06-11 15:39:19,89,73.5069,80.5464,35.71,3.15
200,Atar,22,MR,2022-06-11 15:39:19,9,20.5169,-13.0499,110.66,8.12
201,Northampton,100,US,2022-06-11 15:35:34,65,40.8754,-75.2499,71.44,5.39
202,Kahului,0,US,2022-06-11 15:38:05,79,20.8947,-156.47,75.85,11.5
203,Bambous Virieux,75,MU,2022-06-11 15:39:20,68,-20.3428,57.7575,73.65,13.8
204,Ganzhou,99,CN,2022-06-11 15:38:06,90,28.8184,115.4327,72.25,0.96
205,Gelemso,93,ET,2022-06-11 15:39:20,54,8.8167,40.5167,66.92,8.55
206,Oda,51,JP,2022-06-11 15:39:21,90,35.1833,132.5,64.33,7.92
207,Constitucion,11,CL,2022-06-11 15:39:21,42,-35.3333,-72.4167,59.02,2.62
208,Yeniseysk,64,RU,2022-06-11 15:39:21,65,58.4497,92.1703,60.08,6.53
209,Hasaki,100,JP,2022-06-11 15:39:22,92,35.7333,140.8333,66.6,14.05
210,Vikhorevka,49,RU,2022-06-11 15:39:22,50,56.1201,101.1636,60.39,1.03
211,Klobuck,4,PL,2022-06-11 15:39:23,54,50.9008,18.9367,74.05,6.73
212,Sola,93,VU,2022-06-11 15:39:23,77,-13.8833,167.55,80.01,6.78
213,Revelstoke,100,CA,2022-06-11 15:35:44,94,50.9832,-118.2023,53.62,2.3
214,Gazli,2,UZ,2022-06-11 15:39:23,28,40.1333,63.45,82.96,8.41
215,Honiara,6,SB,2022-06-11 15:39:24,83,-9.4333,159.95,76.06,4.07
216,Ranong,100,TH,2022-06-11 15:39:24,85,9.9658,98.6348,79.95,5.55
217,Natori,100,JP,2022-06-11 15:39:25,98,38.1691,140.8823,62.47,3.18
218,Bobcaygeon,23,CA,2022-06-11 15:37:15,51,44.5462,-78.542,72.14,5.53
219,Hobyo,70,SO,2022-06-11 15:39:25,80,5.3505,48.5268,79.54,27.2
220,Lakes Entrance,100,AU,2022-06-11 15:39:25,74,-37.8811,147.981,53.17,24.02
221,Plymouth,0,US,2022-06-11 15:39:26,47,41.8334,-70.8328,78.84,5.75
222,Kavieng,7,PG,2022-06-11 15:39:26,71,-2.5744,150.7967,81.82,12.91
223,Abbeville,23,FR,2022-06-11 15:39:26,58,50.1,1.8333,70.5,11.61
224,Kanye,0,BW,2022-06-11 15:39:27,42,-24.9667,25.3327,53.28,6.51
225,Sinnamary,73,GF,2022-06-11 15:39:27,71,5.3833,-52.95,82.62,10.27
226,Iwaki,100,JP,2022-06-11 15:39:27,96,37.05,140.8833,65.77,4.74
227,Los Llanos De Aridane,20,ES,2022-06-11 15:39:28,78,28.6585,-17.9182,75.13,17.27
228,Rio Gallegos,75,AR,2022-06-11 15:39:28,57,-51.6226,-69.2181,48.25,11.5
229,Sitangkai,9,PH,2022-06-11 15:39:29,72,4.6628,119.3928,83.88,9.24
230,Hargeysa,60,SO,2022-06-11 15:39:29,30,9.56,44.065,83.48,6.44
231,Merano,12,IT,2022-06-11 15:40:29,38,46.6682,11.1595,89.31,2.46
232,Bandarbeyla,95,SO,2022-06-11 15:40:30,73,9.4942,50.8122,81.01,30.6
233,Ambilobe,70,MG,2022-06-11 15:40:30,70,-13.2,49.05,75.34,3.27
234,Katsuura,100,JP,2022-06-11 15:40:30,94,35.1333,140.3,64.96,21.68
235,Tecoanapa,99,MX,2022-06-11 15:40:31,65,16.5167,-98.75,85.15,3.18
236,Fort Morgan,0,US,2022-06-11 15:40:31,34,40.2503,-103.8,81.25,10.36
237,Isangel,72,VU,2022-06-11 15:40:31,87,-19.55,169.2667,76.53,5.1
238,Taltal,8,CL,2022-06-11 15:40:32,69,-25.4,-70.4833,62.17,5.17
239,Boa Vista,75,BR,2022-06-11 15:39:05,74,2.8197,-60.6733,80.58,8.05
240,Arys,100,KZ,2022-06-11 15:40:32,29,42.4252,68.795,82.08,12.3
241,Cody,0,US,2022-06-11 15:40:17,58,44.5263,-109.0565,71.91,8.05
242,Murdochville,65,CA,2022-06-11 15:40:33,57,48.9583,-65.5006,49.08,15.08
243,Bengkulu,100,ID,2022-06-11 15:40:33,90,-3.8004,102.2655,75.29,6.49
244,Lieksa,93,FI,2022-06-11 15:40:33,52,63.3167,30.0167,64.83,8.93
245,Comodoro Rivadavia,0,AR,2022-06-11 15:38:06,17,-45.8667,-67.5,60.66,5.75
246,Clyde River,100,CA,2022-06-11 15:40:34,93,70.4692,-68.5914,34.03,12.66
247,Vardo,100,NO,2022-06-11 15:40:34,81,70.3705,31.1107,48.18,3.44
248,San Patricio,3,US,2022-06-11 15:40:35,41,28.017,-97.5169,91.08,12.26
249,Avarua,75,CK,2022-06-11 15:40:35,69,-21.2078,-159.775,75.25,9.22
250,Marzuq,72,YE,2022-06-11 15:40:35,31,14.4,46.4667,86.49,6.85
251,Geraldton,75,AU,2022-06-11 15:40:36,94,-28.7667,114.6,64.81,3.44
252,General Pico,1,AR,2022-06-11 15:40:36,27,-35.6566,-63.7568,61.68,7.99
253,San Quintin,7,MX,2022-06-11 15:40:37,69,30.4833,-115.95,70.75,6.55
254,Airai,83,TL,2022-06-11 15:40:37,86,-8.9266,125.4092,56.12,3.4
255,Bonthe,100,SL,2022-06-11 15:40:37,72,7.5264,-12.505,82.9,10.45
256,Codrington,100,AU,2022-06-11 15:40:37,77,-38.2667,141.9667,51.8,19.19
257,Saint-Philippe,77,RE,2022-06-11 15:40:38,79,-21.3585,55.7679,71.19,12.8
258,Sharjah,0,AE,2022-06-11 15:40:40,46,25.3573,55.4033,93.49,11.5
259,Mali,38,GN,2022-06-11 15:40:41,37,12.079,-12.2982,81.55,6.11
260,Grenaa,25,DK,2022-06-11 15:40:41,67,56.4158,10.8783,71.82,15.59
261,Holme,19,DK,2022-06-11 15:40:42,58,56.1138,10.1725,71.17,14.67
262,Komsomolskiy,40,UZ,2022-06-11 15:40:42,34,40.4272,71.7189,81.32,13.8
263,Trelew,53,AR,2022-06-11 15:40:42,23,-43.249,-65.3051,58.01,7.58
264,Acari,29,PE,2022-06-11 15:40:43,48,-15.4311,-74.6158,74.21,7.27
265,Mercedes,26,AR,2022-06-11 15:40:43,21,-34.6515,-59.4307,56.03,8.34
266,Kloulklubed,24,PW,2022-06-11 15:40:43,70,7.0419,134.2556,73.9,5.53
267,Batagay-Alyta,89,RU,2022-06-11 15:40:44,52,67.8006,130.4114,49.05,1.05
268,Gat,0,IL,2022-06-11 15:40:44,32,31.61,34.7642,96.4,10.76
269,Naze,100,JP,2022-06-11 15:40:44,90,28.3667,129.4833,72.52,12.62
270,Antofagasta,38,CL,2022-06-11 15:40:45,53,-23.65,-70.4,66.22,6.4
271,Nemuro,100,JP,2022-06-11 15:40:45,99,43.3236,145.575,49.33,13.15
272,Kirakira,10,SB,2022-06-11 15:40:46,82,-10.4544,161.9205,78.17,3.47
273,Deputatskiy,33,RU,2022-06-11 15:40:46,77,69.3,139.9,46.58,4.38
274,Montepuez,89,MZ,2022-06-11 15:40:46,51,-13.1256,38.9997,72.07,7.14
275,Te Anau,89,NZ,2022-06-11 15:41:47,96,-45.4167,167.7167,38.7,4.9
276,Staryy Nadym,100,RU,2022-06-11 15:41:47,59,65.6118,72.6842,67.14,10.02
277,Cabedelo,48,BR,2022-06-11 15:41:48,72,-6.9811,-34.8339,75.87,5.01
278,Quelimane,40,MZ,2022-06-11 15:41:48,73,-17.8786,36.8883,75.15,8.05
279,Dali,99,CN,2022-06-11 15:41:48,90,25.7,100.1833,63.37,4.99
280,Kitimat,100,CA,2022-06-11 15:41:32,24,54.0524,-128.6534,53.98,1.01
281,Bridlington,53,GB,2022-06-11 15:41:49,63,54.0831,-0.1919,69.89,15.68
282,Usinsk,100,RU,2022-06-11 15:41:49,67,65.9939,57.5281,44.85,22.06
283,Chuy,65,UY,2022-06-11 15:41:49,60,-33.6971,-53.4616,52.74,17.81
284,Wenling,100,CN,2022-06-11 15:41:50,94,28.3669,121.36,67.86,4.88
285,Gweta,0,BW,2022-06-11 15:41:50,26,-20.1833,25.2333,64.85,8.43
286,Yabrud,0,SY,2022-06-11 15:41:51,18,33.9674,36.6574,81.88,12.46
287,Lata,39,PT,2022-06-11 15:41:51,50,40.1629,-8.3327,85.5,9.19
288,Mutoko,31,ZW,2022-06-11 15:41:51,63,-17.397,32.2268,58.71,9.95
289,Sorland,97,NO,2022-06-11 15:41:52,89,67.667,12.6934,49.86,5.06
290,Nikolskoye,38,RU,2022-06-11 15:41:52,48,59.7035,30.7861,73.29,5.3
291,Talnakh,8,RU,2022-06-11 15:41:52,46,69.4865,88.3972,63.21,8.19
292,Adre,28,TD,2022-06-11 15:41:53,36,13.4667,22.2,87.69,16.73
293,Wakkanai,99,JP,2022-06-11 15:37:03,95,45.4094,141.6739,49.35,5.82
294,Jega,36,NG,2022-06-11 15:41:53,29,12.2175,4.3792,99.66,11.32
295,Colquiri,1,BO,2022-06-11 15:41:54,24,-17.4167,-67.1333,41.11,3.71
296,Muzaffarabad,59,PK,2022-06-11 15:41:54,45,34.37,73.4711,77.2,8.61
297,Malakal,100,SS,2022-06-11 15:41:55,43,9.5334,31.6605,88.57,6.24
298,Kavaratti,74,IN,2022-06-11 15:41:55,78,10.5669,72.642,83.5,16.78
299,Mehamn,100,NO,2022-06-11 15:41:55,70,71.0357,27.8492,46.31,9.84
300,Luwuk,69,ID,2022-06-11 15:41:56,86,-0.9516,122.7875,77.61,1.19
301,Ngunguru,62,NZ,2022-06-11 15:41:56,82,-35.6167,174.5,58.69,15.93
302,Barguzin,15,RU,2022-06-11 15:41:56,84,53.6167,109.6167,52.27,2.21
303,Bara,31,NG,2022-06-11 15:41:57,32,10.3744,10.7288,96.51,8.97
304,Rock Sound,70,BS,2022-06-11 15:41:58,77,24.9,-76.2,80.94,14.79
305,Dongsheng,100,CN,2022-06-11 15:41:58,21,39.8161,109.9776,60.66,6.82
306,Leningradskiy,99,RU,2022-06-11 15:41:58,77,69.3833,178.4167,32.58,11.5
307,Tucuma,100,BR,2022-06-11 15:38:09,82,-0.1833,-50.05,79.79,5.03
308,Lasa,0,IT,2022-06-11 15:41:59,36,46.6166,10.7002,81.7,5.66
309,Bhinmal,0,IN,2022-06-11 15:41:59,39,25.0,72.25,94.44,10.47
310,Marsa Matruh,0,EG,2022-06-11 15:42:00,73,31.3525,27.2453,77.2,16.11
311,Upernavik,13,GL,2022-06-11 15:42:00,80,72.7868,-56.1549,28.36,11.9
312,Sept-Iles,75,CA,2022-06-11 15:39:56,67,50.2001,-66.3821,66.72,11.5
313,Provideniya,44,RU,2022-06-11 15:42:01,77,64.3833,-173.3,36.36,2.33
314,Krasnovishersk,100,RU,2022-06-11 15:42:01,93,60.4078,57.082,53.58,10.07
315,Yarada,75,IN,2022-06-11 15:42:01,78,17.65,83.2667,82.72,6.91
316,Necochea,64,AR,2022-06-11 15:37:03,52,-38.5473,-58.7368,52.03,11.52
317,Mangai,0,CD,2022-06-11 15:42:02,38,-4.05,19.5333,84.79,1.54
318,Saku,100,JP,2022-06-11 15:42:02,93,36.2167,138.4833,59.77,3.49
319,General Roca,64,AR,2022-06-11 15:42:03,25,-39.0333,-67.5833,58.14,4.47
320,Acapulco,75,MX,2022-06-11 15:43:03,74,16.8634,-99.8901,82.22,5.75
321,San Jose,20,US,2022-06-11 15:43:04,57,37.3394,-121.895,82.22,0.0
322,Una,100,IN,2022-06-11 15:43:04,79,20.8167,71.0333,82.51,11.41
323,Dekar,0,BW,2022-06-11 15:43:04,33,-21.5333,21.9333,62.53,7.76
324,Leopold,75,AU,2022-06-11 15:43:05,90,-38.1833,144.4667,51.1,19.57
325,Ulaangom,3,MN,2022-06-11 15:43:05,31,49.9811,92.0667,63.07,1.68
326,Abu Dhabi,0,AE,2022-06-11 15:43:05,50,24.4667,54.3667,93.22,16.11
327,Eydhafushi,100,MV,2022-06-11 15:43:06,74,5.1033,73.0708,83.41,10.85
328,Fortuna,40,US,2022-06-11 15:43:06,94,40.5982,-124.1573,65.32,0.0
329,Hvolsvollur,98,IS,2022-06-11 15:43:07,59,63.7533,-20.2243,54.27,9.28
330,Kiruna,75,SE,2022-06-11 15:43:07,94,67.8557,20.2251,52.72,3.44
331,Zuhres,5,UA,2022-06-11 15:43:07,53,48.0114,38.2644,77.72,4.99
332,Xining,98,CN,2022-06-11 15:43:08,86,36.6167,101.7667,48.99,2.91
333,Abha,40,SA,2022-06-11 15:43:08,36,18.2164,42.5053,85.82,11.5
334,Balakhta,19,RU,2022-06-11 15:43:09,68,55.38,91.6,61.48,4.32
335,Pontianak,20,ID,2022-06-11 15:43:09,100,-0.0333,109.3333,76.98,2.3
336,Aurangabad,98,IN,2022-06-11 15:42:14,80,19.8833,75.3333,76.86,10.11
337,Metro,100,ID,2022-06-11 15:43:10,92,-5.1131,105.3067,75.33,5.01
338,Maracaju,93,BR,2022-06-11 15:41:34,40,-21.6144,-55.1683,63.7,8.23
339,Mumford,70,GH,2022-06-11 15:43:10,80,5.2618,-0.759,79.21,14.27
340,Grande Prairie,75,CA,2022-06-11 15:43:10,51,55.1667,-118.8027,60.98,11.5
341,Buala,32,SB,2022-06-11 15:43:11,80,-8.145,159.5921,79.16,3.98
342,Damghan,42,IR,2022-06-11 15:43:11,42,36.1683,54.348,74.46,7.67
343,Amapa,100,BR,2022-06-11 15:43:12,91,1.0,-52.0,74.44,1.74
344,Port Augusta,12,AU,2022-06-11 15:43:12,89,-32.5,137.7667,50.07,6.78
345,Nishihara,75,JP,2022-06-11 15:43:12,97,26.1842,127.7558,77.05,9.22
346,Dourbali,63,TD,2022-06-11 15:43:13,22,11.8091,15.8632,101.46,8.12
347,Labuhan,40,ID,2022-06-11 15:43:13,82,-6.8844,112.2051,80.42,6.11
348,Ilam,35,NP,2022-06-11 15:43:14,84,26.9167,87.9167,70.79,3.74
349,Berdigestyakh,59,RU,2022-06-11 15:43:14,80,62.0989,126.6992,50.16,2.51
350,Cardston,99,CA,2022-06-11 15:43:14,59,49.2,-113.3019,64.69,4.61
351,Andenes,75,NO,2022-06-11 15:43:15,93,69.3143,16.1194,46.38,10.36
352,Along,100,IN,2022-06-11 15:43:15,99,28.1667,94.7667,73.33,0.6
353,Ridgecrest,0,US,2022-06-11 15:43:15,22,35.6225,-117.6709,90.68,8.99
354,Requena,0,ES,2022-06-11 15:43:16,28,39.4883,-1.1004,79.79,12.37
355,Beterou,71,BJ,2022-06-11 15:43:16,51,9.1992,2.2586,88.43,5.3
356,Cayenne,75,GF,2022-06-11 15:43:16,12,4.9333,-52.3333,85.08,9.22
357,Sumkino,77,RU,2022-06-11 15:43:17,94,58.1108,68.3244,57.61,4.9
358,Saint-Pierre,20,RE,2022-06-11 15:43:17,64,-21.3393,55.4781,71.28,10.36
359,Anadyr,0,RU,2022-06-11 15:43:17,45,64.75,177.4833,43.3,4.47
360,Kharp,47,RU,2022-06-11 15:43:18,59,66.8014,65.8081,65.21,3.62
361,Miri,40,MY,2022-06-11 15:43:18,89,4.4148,114.0089,80.74,3.44
362,Mount Isa,100,AU,2022-06-11 15:43:19,40,-20.7333,139.5,53.37,2.3
363,Hambantota,100,LK,2022-06-11 15:44:19,81,6.1241,81.1185,80.96,16.22
364,Sorong,28,ID,2022-06-11 15:44:19,76,-0.8833,131.25,81.9,11.07
365,Sindor,100,RU,2022-06-11 15:44:20,89,62.8629,51.8905,41.81,12.62
366,Rodrigues Alves,100,BR,2022-06-11 15:44:20,88,-7.738,-72.6509,73.6,4.9
367,San Lorenzo,0,PY,2022-06-11 15:42:48,62,-25.3333,-57.5333,52.74,9.22
368,Kupang,100,ID,2022-06-11 15:44:20,73,-10.1667,123.5833,77.68,13.06
369,Hollins,75,US,2022-06-11 15:44:21,58,37.3413,-79.9431,76.6,5.01
370,Rawson,40,AR,2022-06-11 15:40:49,38,-43.3002,-65.1023,56.7,9.22
371,Kaeo,32,NZ,2022-06-11 15:44:21,97,-35.1,173.7833,56.32,15.61
372,Srivardhan,100,IN,2022-06-11 15:44:22,84,18.0333,73.0167,80.35,12.88
373,Alofi,43,NU,2022-06-11 15:44:22,100,-19.0595,-169.9187,73.29,5.75
374,Ormara,83,PK,2022-06-11 15:44:23,78,25.2088,64.6357,83.05,6.35
375,Husavik,100,IS,2022-06-11 15:44:23,97,66.0449,-17.3389,45.37,5.79
376,Svetlogorsk,93,BY,2022-06-11 15:44:23,77,52.6333,29.7333,72.57,9.84
377,Kaitangata,78,NZ,2022-06-11 15:44:24,80,-46.2817,169.8464,34.41,6.02
378,Vysokogornyy,2,RU,2022-06-11 15:44:24,95,50.1167,139.15,39.69,2.15
379,Torbay,75,CA,2022-06-11 15:44:24,64,47.6666,-52.7314,70.57,19.57
380,Teahupoo,70,PF,2022-06-11 15:44:25,80,-17.8333,-149.2667,67.96,21.25
381,Lodhran,10,PK,2022-06-11 15:44:25,16,29.5405,71.6336,103.17,12.01
382,Ostersund,0,SE,2022-06-11 15:44:25,72,63.1792,14.6357,61.61,15.01
383,Tsiroanomandidy,50,MG,2022-06-11 15:44:26,58,-18.7667,46.0333,67.64,5.86
384,Porto Novo,89,BJ,2022-06-11 15:44:26,86,6.4965,2.6036,75.02,10.58
385,Kovdor,85,RU,2022-06-11 15:44:26,32,67.5662,30.4758,67.66,10.27
386,Vestmannaeyjar,40,IS,2022-06-11 15:44:27,76,63.4427,-20.2734,54.59,11.5
387,Bowen,94,AU,2022-06-11 15:44:27,73,-20.0167,148.2333,56.32,7.72
388,Laguna,0,US,2022-06-11 15:44:27,58,38.421,-121.4238,85.08,5.75
389,Rioblanco,99,CO,2022-06-11 15:44:28,83,3.5308,-75.6806,68.7,3.33
390,Corrales,0,US,2022-06-11 15:42:50,19,35.2378,-106.6067,92.98,6.91
391,Shache,4,CN,2022-06-11 15:44:28,15,38.4167,77.2406,84.65,5.93
392,Roebourne,0,AU,2022-06-11 15:44:29,76,-20.7833,117.1333,73.94,5.84
393,Okhotsk,57,RU,2022-06-11 15:44:29,95,59.3833,143.3,39.96,1.01
394,Auki,4,SB,2022-06-11 15:44:29,86,-8.7676,160.7034,76.01,3.83
395,Buta,50,CD,2022-06-11 15:44:30,77,2.7858,24.73,77.77,2.26
396,Sidi Ali,0,DZ,2022-06-11 15:44:30,33,36.0998,0.4206,84.78,16.6
397,Georgiyevka,0,KZ,2022-06-11 15:44:30,43,43.0369,74.7114,75.24,6.71
398,Cotonou,75,BJ,2022-06-11 15:42:33,94,6.3654,2.4183,75.18,3.44
399,Santo Antonio Do Sudoeste,97,BR,2022-06-11 15:44:31,45,-26.0736,-53.7253,52.3,5.37
400,Igarka,100,RU,2022-06-11 15:44:31,46,67.4667,86.5833,61.86,12.19
401,Namibe,4,AO,2022-06-11 15:44:32,54,-15.1961,12.1522,75.56,10.67
402,Raga,88,SS,2022-06-11 15:44:32,71,8.4596,25.678,78.28,3.87
403,Ilheus,40,BR,2022-06-11 15:44:32,74,-14.7889,-39.0494,84.02,5.75
404,Itoman,75,JP,2022-06-11 15:44:33,96,26.1247,127.6694,77.77,9.22
405,Buraydah,0,SA,2022-06-11 15:44:33,8,26.326,43.975,108.05,9.4
406,Asau,85,RO,2022-06-11 15:44:33,100,46.4333,26.4,65.95,5.1
407,Urusha,28,RU,2022-06-11 15:44:34,56,54.05,122.9,55.35,0.56
408,Agdam,95,AZ,2022-06-11 15:44:34,55,39.991,46.9274,74.05,5.23
409,Amga,100,RU,2022-06-11 15:45:35,67,60.8953,131.9608,55.51,3.2
410,Eldorado,96,BR,2022-06-11 15:45:35,51,-23.7869,-54.2836,57.63,9.91
411,Nyurba,100,RU,2022-06-11 15:45:35,82,63.2842,118.3319,49.37,5.91
412,Dondo,4,MZ,2022-06-11 15:45:36,88,-19.6094,34.7431,71.11,5.64
413,Opuwo,0,NA,2022-06-11 15:45:36,25,-18.0607,13.84,74.48,5.5
414,Port Hardy,75,CA,2022-06-11 15:45:28,82,50.6996,-127.4199,53.78,2.3
415,Kashi,40,CN,2022-06-11 15:45:37,22,39.4547,75.9797,79.81,13.42
416,Golden Gate,0,US,2022-06-11 15:45:37,83,26.1879,-81.6951,86.99,5.75
417,Alihe,58,CN,2022-06-11 15:45:37,64,50.5667,123.7167,55.72,2.21
418,Daimiel,20,ES,2022-06-11 15:45:38,15,39.07,-3.615,102.04,3.44
419,Padang,100,ID,2022-06-11 15:45:38,95,-0.9492,100.3543,71.65,6.71
420,Waw,81,SS,2022-06-11 15:45:39,55,7.7029,27.9953,85.57,4.63
421,Eloy,9,US,2022-06-11 15:45:39,22,32.7559,-111.5548,98.4,4.97
422,Goderich,50,CA,2022-06-11 15:45:39,68,43.7501,-81.7165,64.72,9.22
423,Bairiki,40,KI,2022-06-11 15:45:40,78,1.3292,172.9752,80.6,9.22
424,Mogadishu,33,SO,2022-06-11 15:45:40,82,2.0371,45.3438,79.32,18.34
425,Nikki,66,BJ,2022-06-11 15:45:40,49,9.9401,3.2108,88.56,7.7
426,Esperance,30,AU,2022-06-11 15:40:49,74,-33.8667,121.9,55.72,17.27
427,Port Macquarie,0,AU,2022-06-11 15:42:25,70,-31.4333,152.9167,44.49,4.61
428,Hofn,100,IS,2022-06-11 15:45:41,75,64.2539,-15.2082,51.39,5.93
429,Osypenko,1,UA,2022-06-11 15:45:41,49,46.9136,36.8253,80.24,6.2
430,Manoel Urbano,100,BR,2022-06-11 15:45:42,71,-8.8389,-69.2597,72.28,5.79
431,Sao Joao Da Barra,100,BR,2022-06-11 15:42:26,82,-21.6403,-41.0511,69.89,12.5
432,Oia,8,PT,2022-06-11 15:45:42,65,40.5426,-8.5386,86.83,5.01
433,Zavyalovo,80,RU,2022-06-11 15:45:42,80,54.5053,82.4484,63.55,25.72
434,Teya,81,RU,2022-06-11 15:45:43,55,60.3778,92.6267,60.31,4.54
435,Morro Bay,9,US,2022-06-11 15:45:43,50,35.3658,-120.8499,86.25,1.99
436,Tarabuco,14,BO,2022-06-11 15:45:44,36,-19.1667,-64.9167,48.78,5.95
437,Sauda,89,NO,2022-06-11 15:45:44,79,59.6506,6.3542,59.68,10.11
438,Klaksvik,80,FO,2022-06-11 15:45:12,99,62.2266,-6.589,56.32,9.69
439,Akdepe,37,TM,2022-06-11 15:45:44,33,42.0551,59.3788,82.49,14.43
440,Sitka,100,US,2022-06-11 15:45:45,82,57.0531,-135.33,51.69,4.61
441,Coquimbo,100,CL,2022-06-11 15:43:22,87,-29.9533,-71.3436,51.53,4.61
442,Sur,0,OM,2022-06-11 15:44:56,67,22.5667,59.5289,89.96,5.57
443,Srednekolymsk,55,RU,2022-06-11 15:45:45,75,67.45,153.6833,49.68,3.47
444,Sai Buri,100,TH,2022-06-11 15:45:46,84,6.7013,101.6168,78.28,5.61
445,China,0,MX,2022-06-11 15:45:46,47,25.7,-99.2333,90.68,8.14
446,Gniezno,58,PL,2022-06-11 15:45:47,58,52.5348,17.5826,71.51,5.53
447,Nome,0,US,2022-06-11 15:44:17,70,64.5011,-165.4064,38.16,9.22
448,Castlemaine,92,AU,2022-06-11 15:45:47,79,-37.0667,144.2167,47.28,14.97
449,Dubbo,100,AU,2022-06-11 15:45:47,66,-32.25,148.6167,46.53,11.5
450,Ballina,3,AU,2022-06-11 15:45:49,72,-28.8667,153.5667,50.94,11.7
451,Huaihua,100,CN,2022-06-11 15:45:49,98,27.5494,109.9592,69.98,2.42
452,Mapiri,34,BO,2022-06-11 15:45:50,52,-15.25,-68.1667,73.54,1.79
453,Peniche,4,PT,2022-06-11 15:45:19,74,39.3558,-9.3811,82.29,18.86
454,Nelson Bay,0,AU,2022-06-11 15:45:50,63,-32.7167,152.15,51.1,4.0
455,Bartica,100,GY,2022-06-11 15:45:51,85,6.4,-58.6167,80.92,4.16
456,San Luis,0,AR,2022-06-11 15:45:51,32,-33.295,-66.3356,62.89,11.95
457,Banjar,76,ID,2022-06-11 15:46:53,90,-8.19,114.9675,77.67,2.84
458,La Trinite,100,MQ,2022-06-11 15:46:53,29,14.7376,-60.9629,87.85,21.85
459,Arrifes,75,PT,2022-06-11 15:46:53,77,37.7667,-25.7,66.45,9.22
460,Cockburn Town,40,TC,2022-06-11 15:46:51,66,21.4612,-71.1419,85.96,16.11
461,Kirkuk,0,IQ,2022-06-11 15:46:54,14,35.4681,44.3922,96.48,9.82
462,Plettenberg Bay,40,ZA,2022-06-11 15:46:54,27,-34.0527,23.3716,74.55,9.33
463,Launceston,40,AU,2022-06-11 15:46:55,53,-41.45,147.1667,50.81,21.85
464,Port Blair,40,IN,2022-06-11 15:46:55,83,11.6667,92.75,82.44,6.91
465,Voh,42,NC,2022-06-11 15:46:56,92,-20.9667,164.7,70.2,1.66
466,Obo,87,CF,2022-06-11 15:46:56,88,5.3998,26.4869,71.67,5.93
467,Ronde,40,DK,2022-06-11 15:46:56,55,56.3014,10.4751,71.42,14.97
468,Chimore,100,BO,2022-06-11 15:46:57,64,-16.9833,-65.1333,67.35,2.15
469,Yumbe,100,UG,2022-06-11 15:46:57,63,3.4651,31.2469,75.25,1.9
470,Buin,0,CL,2022-06-11 15:46:57,25,-33.7333,-70.75,71.87,1.79
471,Berlevag,75,NO,2022-06-11 15:46:58,81,70.8578,29.0864,60.6,21.85
472,Road Town,40,VG,2022-06-11 15:46:58,74,18.4167,-64.6167,87.89,17.27
473,Nueva Loja,100,EC,2022-06-11 15:46:58,100,0.0847,-76.8828,71.62,2.3
474,Tecpan,100,GT,2022-06-11 15:46:59,58,14.7623,-90.9947,62.89,2.57
475,La Asuncion,59,VE,2022-06-11 15:46:59,79,11.0333,-63.8628,83.93,14.97
476,Tumbotino,55,RU,2022-06-11 15:47:00,76,55.9993,43.0236,64.53,5.48
477,Baherden,92,TM,2022-06-11 15:47:00,35,38.4362,57.4316,84.72,8.93
478,Grand Island,41,US,2022-06-11 15:47:00,68,40.925,-98.342,83.61,5.01
479,Fukue,32,JP,2022-06-11 15:47:01,79,32.6881,128.8419,69.96,16.08
480,Cabra,4,ES,2022-06-11 15:47:01,13,37.4725,-4.4421,100.65,5.01
481,Belmonte,88,BR,2022-06-11 15:47:01,68,-15.8631,-38.8828,80.8,6.73
482,Waitati,93,NZ,2022-06-11 15:47:02,60,-45.75,170.5667,44.8,7.72
483,Bom Jesus,98,BR,2022-06-11 15:47:02,27,-9.0744,-44.3586,97.47,2.21
484,Finote Selam,62,ET,2022-06-11 15:47:03,70,10.7,37.2667,66.56,3.78
485,Baykit,98,RU,2022-06-11 15:47:03,55,61.67,96.37,57.06,5.53
486,Kyshtovka,0,RU,2022-06-11 15:47:03,90,56.555,76.6271,57.94,7.9
487,Stornoway,75,GB,2022-06-11 15:47:04,93,58.2093,-6.3865,55.36,25.32
488,Trinidad,99,BO,2022-06-11 15:47:04,60,-14.8333,-64.9,69.78,16.11
489,Hailar,100,CN,2022-06-11 15:47:05,62,49.2,119.7,61.79,13.71
490,Hualmay,42,PE,2022-06-11 15:47:05,72,-11.0964,-77.6139,67.51,10.4
491,Pont-Rouge,57,CA,2022-06-11 15:47:05,75,46.7566,-71.6978,68.59,9.35
492,Camacha,40,PT,2022-06-11 15:45:45,73,33.0833,-16.3333,67.42,14.97
493,Marawi,99,PH,2022-06-11 15:47:06,93,7.9986,124.2928,68.88,2.57
494,Haines Junction,99,CA,2022-06-11 15:47:07,66,60.7522,-137.5108,48.15,1.14
495,Tupik,61,RU,2022-06-11 15:47:07,63,54.4253,119.9327,55.4,3.67
496,Saint George,8,US,2022-06-11 15:43:07,19,37.1041,-113.5841,90.79,1.99
497,Atherton,65,GB,2022-06-11 15:47:08,56,53.5237,-2.4935,68.76,8.99
498,Ornskoldsvik,88,SE,2022-06-11 15:47:08,66,63.2909,18.7153,60.1,13.98
499,Diego De Almagro,0,CL,2022-06-11 15:47:08,19,-26.3667,-70.05,71.31,5.01
500,Korla,45,CN,2022-06-11 15:47:09,17,41.7597,86.1469,84.04,14.14
501,Dogbo,97,BJ,2022-06-11 15:47:09,91,6.8167,1.7833,76.26,8.5
502,Portland,100,US,2022-06-11 15:46:40,93,45.5234,-122.6762,62.29,3.44
503,Kalianget,26,ID,2022-06-11 15:48:10,81,-7.05,113.9333,81.01,5.21
504,Naantali,0,FI,2022-06-11 15:48:10,59,60.4674,22.0243,67.32,13.8
505,Ossora,100,RU,2022-06-11 15:48:10,81,59.2353,163.0719,43.54,6.02
506,Fort Nelson,40,CA,2022-06-11 15:45:25,100,58.8053,-122.7002,49.59,4.61
507,Dingtao,100,CN,2022-06-11 15:48:11,38,35.0683,115.5625,81.46,11.16
508,Orlik,35,RU,2022-06-11 15:48:11,49,52.5178,99.825,54.18,1.92
509,Bosobolo,68,CD,2022-06-11 15:48:12,75,4.1833,19.9,78.8,3.13
510,Dunmore Town,49,BS,2022-06-11 15:48:12,74,25.5,-76.65,81.81,14.16
511,Qui Nhon,100,VN,2022-06-11 15:48:12,86,13.7667,109.2333,79.79,4.85
512,Simav,80,TR,2022-06-11 15:48:13,60,39.0882,28.9777,70.12,9.26
513,Kamenka,86,RU,2022-06-11 15:48:13,70,51.3223,42.7678,71.6,4.88
514,Soe,100,ID,2022-06-11 15:48:13,89,-9.8607,124.284,63.54,4.59
515,Coffs Harbour,1,AU,2022-06-11 15:48:14,93,-30.3,153.1333,42.13,2.3
516,Angoche,6,MZ,2022-06-11 15:48:14,77,-16.2325,39.9086,71.53,9.91
517,Mezen,1,RU,2022-06-11 15:48:15,52,65.8522,44.24,50.81,6.96
518,Aksehir,2,TR,2022-06-11 15:48:15,43,38.3575,31.4164,72.64,14.25
519,Ler,93,SS,2022-06-11 15:48:15,78,8.3018,30.1418,76.73,10.36
520,Grafton,0,US,2022-06-11 15:48:16,45,42.207,-71.6856,76.87,5.75
521,Batsfjord,40,NO,2022-06-11 15:48:16,47,70.6345,29.7185,60.58,10.36
522,Altamira,100,BR,2022-06-11 15:46:53,90,-3.2033,-52.2064,74.79,3.47
523,Nkowakowa,0,ZA,2022-06-11 15:48:17,46,-23.8878,30.2871,60.51,0.74
524,Champerico,100,GT,2022-06-11 15:48:17,72,14.3,-91.9167,82.94,1.19
525,Marystown,100,CA,2022-06-11 15:48:17,75,47.1666,-55.1483,59.05,13.65
526,Rivera,0,UY,2022-06-11 15:48:18,37,-30.9053,-55.5508,50.61,11.14
527,Arrecife,20,ES,2022-06-11 15:48:18,65,28.963,-13.5477,76.98,20.71
528,Ajdabiya,0,LY,2022-06-11 15:48:19,65,30.7554,20.2263,77.09,19.24
529,Chimbote,79,PE,2022-06-11 15:48:19,74,-9.0853,-78.5783,68.22,9.33
530,Zverinogolovskoye,70,RU,2022-06-11 15:48:19,91,54.4586,64.8542,58.3,7.7
531,Harwich,18,GB,2022-06-11 15:48:20,53,51.9419,1.2844,73.51,7.0
532,Tshikapa,1,CD,2022-06-11 15:48:20,32,-6.4167,20.8,84.76,2.48
533,San Borja,100,BO,2022-06-11 15:48:20,54,-14.8167,-66.85,72.39,5.32
534,Xichang,98,CN,2022-06-11 15:48:21,86,27.8964,102.2634,65.84,0.43
535,Skhisma,86,GR,2022-06-11 15:48:21,71,35.2667,25.7167,75.83,10.2
536,Svetlyy,1,RU,2022-06-11 15:48:22,65,54.675,20.1347,69.85,1.25
537,La Palma,40,US,2022-06-11 15:48:22,81,33.8464,-118.0467,83.97,1.01
538,Kailua,40,US,2022-06-11 15:47:17,78,21.4022,-157.7394,75.65,10.36
539,Partsa,60,RU,2022-06-11 15:48:23,70,54.3653,42.8617,65.55,5.28
540,Huarmey,83,PE,2022-06-11 15:48:23,73,-10.0681,-78.1522,68.67,9.95
541,Griffith,75,US,2022-06-11 15:48:23,73,41.5284,-87.4237,72.03,13.8
542,Altamont,99,US,2022-06-11 15:48:24,64,42.2068,-121.7372,66.4,3.0
543,Jinchang,0,CN,2022-06-11 15:48:24,21,38.4953,102.1739,67.06,5.59
544,Coro,33,VE,2022-06-11 15:46:57,62,11.4045,-69.6734,87.33,15.77
545,Ryotsu,100,JP,2022-06-11 15:48:25,85,38.0833,138.4333,61.77,13.6
546,Cap Malheureux,68,MU,2022-06-11 15:48:25,77,-19.9842,57.6142,70.47,5.01
547,Moreira Sales,100,BR,2022-06-11 15:48:25,56,-24.0622,-53.0069,55.94,9.8
548,College,75,US,2022-06-11 15:48:26,76,64.8569,-147.8028,52.07,0.0
549,Sassandra,100,CI,2022-06-11 15:49:26,91,4.95,-6.0833,75.9,7.67
550,Troutdale,100,US,2022-06-11 15:49:27,96,45.5393,-122.3873,61.99,1.99
551,Klamath Falls,99,US,2022-06-11 15:49:27,64,42.2249,-121.7817,66.49,3.0
552,Kushima,100,JP,2022-06-11 15:49:27,93,31.4583,131.2333,65.55,4.32
553,Kuruman,0,ZA,2022-06-11 15:49:28,35,-27.4524,23.4325,59.0,9.91
